chromosome,position,reference,alternate,quality,filter,depth,variant_type
CP000819.1,1612,A,G,225.417,PASS,13,SNP
CP000819.1,9092,A,G,225.417,PASS,14,SNP
CP000819.1,9972,T,G,214.417,PASS,10,SNP
CP000819.1,10563,G,A,225.417,PASS,11,SNP
CP000819.1,38971,A,G,225.417,PASS,14,SNP
CP000819.1,42306,A,G,225.417,PASS,15,SNP
CP000819.1,45277,A,G,225.417,PASS,15,SNP
CP000819.1,56613,C,G,213.417,PASS,12,SNP
CP000819.1,62118,A,G,225.417,PASS,19,SNP
CP000819.1,64042,G,A,225.417,PASS,18,SNP
CP000819.1,78808,C,T,225.417,PASS,23,SNP
CP000819.1,81158,A,C,225.417,PASS,13,SNP
CP000819.1,87462,A,G,205.417,PASS,10,SNP
CP000819.1,94370,A,G,220.417,PASS,11,SNP
CP000819.1,98404,G,A,225.417,PASS,14,SNP
CP000819.1,105581,G,A,225.417,PASS,13,SNP
CP000819.1,124045,A,G,225.417,PASS,13,SNP
CP000819.1,125741,T,C,225.417,PASS,11,SNP
CP000819.1,171422,C,T,225.417,PASS,13,SNP
CP000819.1,172553,CAA,CA,206.417,PASS,11,indel_or_complex
CP000819.1,175213,GAA,GA,205.417,PASS,10,indel_or_complex
CP000819.1,197681,CTTTTTTTT,CTTTTTTTTT,225.417,PASS,13,indel_or_complex
CP000819.1,235408,T,C,225.417,PASS,11,SNP
CP000819.1,247796,T,C,225.417,PASS,12,SNP
CP000819.1,281923,G,T,225.417,PASS,14,SNP
CP000819.1,294206,TGGGGGGG,TGGGGGGGGG,228.348,PASS,10,indel_or_complex
CP000819.1,326689,C,T,219.417,PASS,12,SNP
CP000819.1,337563,C,T,222.417,PASS,10,SNP
CP000819.1,352369,AGGGGGGGG,AGGGGGGGGG,216.311,PASS,17,indel_or_complex
CP000819.1,360604,TGGGGGG,TGGGGGGG,225.417,PASS,13,indel_or_complex
CP000819.1,371056,G,T,225.417,PASS,11,SNP
CP000819.1,388160,C,T,225.417,PASS,15,SNP
CP000819.1,426451,A,G,225.417,PASS,15,SNP
CP000819.1,449902,C,T,194.416,PASS,10,SNP
CP000819.1,451177,CAAAAAAA,CAAAAAAAA,223.417,PASS,13,indel_or_complex
CP000819.1,461169,C,G,225.417,PASS,11,SNP
CP000819.1,462346,C,T,225.417,PASS,11,SNP
CP000819.1,466727,G,A,225.417,PASS,11,SNP
CP000819.1,480856,C,T,166.395,PASS,11,SNP
CP000819.1,488116,A,G,225.417,PASS,14,SNP
CP000819.1,491445,C,T,222.417,PASS,13,SNP
CP000819.1,511535,A,G,225.417,PASS,17,SNP
CP000819.1,511618,C,T,225.417,PASS,12,SNP
CP000819.1,522180,A,G,219.417,PASS,12,SNP
CP000819.1,621324,A,G,225.417,PASS,15,SNP
CP000819.1,622005,A,G,222.417,PASS,11,SNP
CP000819.1,627610,G,A,110.101,PASS,79,SNP
CP000819.1,630279,C,T,202.417,PASS,10,SNP
CP000819.1,635244,C,T,215.417,PASS,10,SNP
CP000819.1,636294,AGGGGG,AGGGGGGG,228.299,PASS,10,indel_or_complex
CP000819.1,642275,A,G,185.416,PASS,10,SNP
CP000819.1,648692,C,T,225.417,PASS,11,SNP
CP000819.1,664684,GTTTT,GTTT,225.351,PASS,17,indel_or_complex
CP000819.1,670500,C,T,225.417,PASS,11,SNP
CP000819.1,683034,C,T,225.417,PASS,17,SNP
CP000819.1,690853,A,G,225.417,PASS,13,SNP
CP000819.1,708824,GTTTTTTT,GTTTTTT,152.416,PASS,10,indel_or_complex
CP000819.1,710344,T,C,225.417,PASS,13,SNP
CP000819.1,712463,C,T,205.417,PASS,11,SNP
CP000819.1,713294,A,G,225.417,PASS,12,SNP
CP000819.1,721872,C,T,210.417,PASS,11,SNP
CP000819.1,722645,T,C,218.417,PASS,12,SNP
CP000819.1,734488,C,T,225.417,PASS,13,SNP
CP000819.1,735775,C,T,225.417,PASS,15,SNP
CP000819.1,746323,C,T,224.417,PASS,11,SNP
CP000819.1,767233,C,T,214.417,PASS,10,SNP
CP000819.1,767369,C,T,225.417,PASS,12,SNP
CP000819.1,768258,T,C,225.417,PASS,14,SNP
CP000819.1,804446,C,T,225.417,PASS,13,SNP
CP000819.1,817224,A,G,225.417,PASS,15,SNP
CP000819.1,817276,C,T,225.417,PASS,14,SNP
CP000819.1,821131,A,G,225.417,PASS,11,SNP
CP000819.1,845650,G,A,225.417,PASS,11,SNP
CP000819.1,863736,T,C,225.417,PASS,15,SNP
CP000819.1,878314,T,C,225.417,PASS,13,SNP
CP000819.1,879705,C,T,225.417,PASS,11,SNP
CP000819.1,887754,C,T,225.417,PASS,11,SNP
CP000819.1,894198,C,T,184.416,PASS,10,SNP
CP000819.1,901822,TGGGGGG,TGGGGGGGG,228.399,PASS,11,indel_or_complex
CP000819.1,917183,AGGGGGG,AGGGGGGG,173.416,PASS,10,indel_or_complex
CP000819.1,920378,T,C,225.417,PASS,18,SNP
CP000819.1,934305,T,C,225.417,PASS,13,SNP
CP000819.1,943475,C,T,225.417,PASS,11,SNP
CP000819.1,976463,C,T,225.417,PASS,11,SNP
CP000819.1,981097,A,G,200.416,PASS,10,SNP
CP000819.1,983049,T,C,225.417,PASS,10,SNP
CP000819.1,983164,G,A,225.417,PASS,19,SNP
CP000819.1,993982,C,T,225.417,PASS,13,SNP
CP000819.1,998936,CGGGGGG,CGGGGGGG,225.417,PASS,13,indel_or_complex
CP000819.1,1001295,A,G,225.417,PASS,15,SNP
CP000819.1,1018106,GAAAAAAAA,GAAAAAAA,202.417,PASS,14,indel_or_complex
CP000819.1,1019279,A,G,225.417,PASS,12,SNP
CP000819.1,1019308,AGGGGGGG,AGGGGGG,161.375,PASS,11,indel_or_complex
CP000819.1,1046822,GAAAAAAAA,GAAAAAAA,60.9855,PASS,11,indel_or_complex
CP000819.1,1062285,GCCCCCCC,GCCCCCCCC,183.381,PASS,13,indel_or_complex
CP000819.1,1062372,C,T,225.417,PASS,17,SNP
CP000819.1,1065382,G,T,225.417,PASS,11,SNP
CP000819.1,1074239,T,C,225.417,PASS,12,SNP
CP000819.1,1102367,C,T,225.417,PASS,15,SNP
CP000819.1,1113198,A,G,225.417,PASS,14,SNP
CP000819.1,1123337,G,A,225.417,PASS,12,SNP
CP000819.1,1141641,A,G,202.417,PASS,10,SNP
CP000819.1,1149234,C,T,225.417,PASS,16,SNP
CP000819.1,1149750,C,T,225.417,PASS,14,SNP
CP000819.1,1166055,TGGGGGG,TGGGGGGG,225.417,PASS,14,indel_or_complex
CP000819.1,1166938,C,T,225.417,PASS,10,SNP
CP000819.1,1171113,C,T,225.417,PASS,13,SNP
CP000819.1,1174705,G,A,225.417,PASS,14,SNP
CP000819.1,1186699,C,T,225.417,PASS,16,SNP
CP000819.1,1238938,A,G,225.417,PASS,16,SNP
CP000819.1,1276684,A,G,225.417,PASS,11,SNP
CP000819.1,1294860,A,G,225.417,PASS,11,SNP
CP000819.1,1305452,C,T,191.416,PASS,11,SNP
CP000819.1,1322001,A,G,203.417,PASS,11,SNP
CP000819.1,1324501,C,T,225.417,PASS,12,SNP
CP000819.1,1329354,G,A,225.417,PASS,14,SNP
CP000819.1,1339424,A,G,225.417,PASS,10,SNP
CP000819.1,1357824,C,T,225.417,PASS,18,SNP
CP000819.1,1364103,C,T,200.416,PASS,10,SNP
CP000819.1,1373806,A,G,225.417,PASS,11,SNP
CP000819.1,1404452,A,G,225.417,PASS,15,SNP
CP000819.1,1426142,A,G,228.407,PASS,17,SNP
CP000819.1,1426401,ATTTTTTTTT,ATTTTTTTT,179.382,PASS,14,indel_or_complex
CP000819.1,1439576,AGGGGG,AGGGGGG,225.417,PASS,14,indel_or_complex
CP000819.1,1465314,G,A,225.417,PASS,10,SNP
CP000819.1,1470490,ATTTTTTTT,ATTTTTTT,161.416,PASS,14,indel_or_complex
CP000819.1,1494411,T,C,225.417,PASS,14,SNP
CP000819.1,1499286,C,T,203.417,PASS,10,SNP
CP000819.1,1506624,C,T,228.407,PASS,27,SNP
CP000819.1,1511178,C,T,225.417,PASS,29,SNP
CP000819.1,1514507,G,A,225.417,PASS,17,SNP
CP000819.1,1522006,C,T,225.417,PASS,25,SNP
CP000819.1,1532269,C,T,225.417,PASS,17,SNP
CP000819.1,1533135,A,G,225.417,PASS,16,SNP
CP000819.1,1538688,G,A,225.417,PASS,17,SNP
CP000819.1,1561513,A,G,165.416,PASS,10,SNP
CP000819.1,1587505,C,T,225.417,PASS,18,SNP
CP000819.1,1588307,G,A,225.417,PASS,17,SNP
CP000819.1,1588640,C,T,225.417,PASS,19,SNP
CP000819.1,1591928,G,A,225.417,PASS,11,SNP
CP000819.1,1596202,C,T,225.417,PASS,20,SNP
CP000819.1,1616943,C,T,225.417,PASS,14,SNP
CP000819.1,1633588,T,C,225.417,PASS,11,SNP
CP000819.1,1644789,C,T,225.417,PASS,14,SNP
CP000819.1,1678399,C,T,225.417,PASS,17,SNP
CP000819.1,1684715,G,A,225.417,PASS,13,SNP
CP000819.1,1690648,T,C,225.417,PASS,14,SNP
CP000819.1,1695028,C,T,225.417,PASS,12,SNP
CP000819.1,1695658,C,T,225.417,PASS,14,SNP
CP000819.1,1700108,G,A,225.417,PASS,11,SNP
CP000819.1,1704682,CGGGGGG,CGGGGGGG,225.417,PASS,16,indel_or_complex
CP000819.1,1714708,T,C,225.417,PASS,11,SNP
CP000819.1,1719003,TAAAAAA,TAAAAA,161.303,PASS,12,indel_or_complex
CP000819.1,1722253,T,C,225.417,PASS,13,SNP
CP000819.1,1728925,G,A,225.417,PASS,10,SNP
CP000819.1,1736604,G,A,225.417,PASS,23,SNP
CP000819.1,1746738,TGGGGGGG,TGGGGGGGG,170.25,PASS,13,indel_or_complex
CP000819.1,1748882,G,A,225.417,PASS,13,SNP
CP000819.1,1750039,T,C,225.417,PASS,12,SNP
CP000819.1,1750149,C,T,225.417,PASS,14,SNP
CP000819.1,1780813,A,G,225.417,PASS,12,SNP
CP000819.1,1805276,C,T,225.417,PASS,14,SNP
CP000819.1,1822930,A,G,225.417,PASS,15,SNP
CP000819.1,1838393,A,G,225.417,PASS,16,SNP
CP000819.1,1851417,GCCCCC,GCCCCCC,211.417,PASS,11,indel_or_complex
CP000819.1,1854798,C,T,225.417,PASS,14,SNP
CP000819.1,1866593,CAAAAAAAA,CAAAAAAA,136.416,PASS,11,indel_or_complex
CP000819.1,1876656,C,G,225.417,PASS,10,SNP
CP000819.1,1885487,G,A,225.417,PASS,12,SNP
CP000819.1,1886285,CTTTTTTT,CTTTTTT,205.417,PASS,14,indel_or_complex
CP000819.1,1895196,T,C,225.417,PASS,15,SNP
CP000819.1,1900282,T,C,180.416,PASS,10,SNP
CP000819.1,1936045,T,C,225.417,PASS,11,SNP
CP000819.1,1937932,GCCCCCC,GCCCCCCC,228.397,PASS,17,indel_or_complex
CP000819.1,1947570,T,C,225.417,PASS,12,SNP
CP000819.1,1948732,A,G,155.416,PASS,10,SNP
CP000819.1,1960359,G,A,225.417,PASS,16,SNP
CP000819.1,1969741,CAAAAAAA,CAAAAAAAA,204.417,PASS,11,indel_or_complex
CP000819.1,1976788,G,A,225.417,PASS,14,SNP
CP000819.1,1993260,TCCCCCC,TCCCCCCC,225.417,PASS,18,indel_or_complex
CP000819.1,2007560,GCCCCCCC,GCCCCCC,131.269,PASS,11,indel_or_complex
CP000819.1,2009215,A,G,225.417,PASS,19,SNP
CP000819.1,2012737,T,C,225.417,PASS,15,SNP
CP000819.1,2017723,TGGGGGGG,TGGGGGGGG,193.373,PASS,11,indel_or_complex
CP000819.1,2018664,G,A,225.417,PASS,14,SNP
CP000819.1,2021697,T,C,225.417,PASS,11,SNP
CP000819.1,2084671,C,T,225.417,PASS,12,SNP
CP000819.1,2131844,C,A,225.417,PASS,14,SNP
CP000819.1,2132237,C,T,225.417,PASS,15,SNP
CP000819.1,2135132,T,C,225.417,PASS,12,SNP
CP000819.1,2162780,T,C,225.417,PASS,12,SNP
CP000819.1,2166182,G,A,225.417,PASS,14,SNP
CP000819.1,2188152,G,A,225.417,PASS,17,SNP
CP000819.1,2190388,TCCCCC,TCCCCCC,185.252,PASS,11,indel_or_complex
CP000819.1,2191094,G,A,225.417,PASS,19,SNP
CP000819.1,2196365,T,C,225.417,PASS,18,SNP
CP000819.1,2200070,G,A,225.417,PASS,13,SNP
CP000819.1,2207851,G,A,225.417,PASS,12,SNP
CP000819.1,2222769,G,A,225.417,PASS,15,SNP
CP000819.1,2235030,C,T,225.417,PASS,11,SNP
CP000819.1,2248449,G,A,225.417,PASS,11,SNP
CP000819.1,2269443,TAAAA,TAAA,147.271,PASS,12,indel_or_complex
CP000819.1,2277269,C,T,224.417,PASS,11,SNP
CP000819.1,2290361,C,T,225.417,PASS,15,SNP
CP000819.1,2299913,GTT,GTTT,225.417,PASS,15,indel_or_complex
CP000819.1,2316485,C,T,225.417,PASS,11,SNP
CP000819.1,2319260,G,A,225.417,PASS,14,SNP
CP000819.1,2321769,G,A,225.417,PASS,11,SNP
CP000819.1,2346387,C,T,225.417,PASS,13,SNP
CP000819.1,2348395,G,A,225.417,PASS,12,SNP
CP000819.1,2358817,G,A,163.416,PASS,10,SNP
CP000819.1,2363952,G,A,225.417,PASS,12,SNP
CP000819.1,2373908,CAAAAAA,CAAAAAAA,213.383,PASS,12,indel_or_complex
CP000819.1,2374708,G,A,225.417,PASS,19,SNP
CP000819.1,2379466,T,C,225.417,PASS,12,SNP
CP000819.1,2427998,T,C,225.417,PASS,10,SNP
CP000819.1,2430565,G,A,225.417,PASS,20,SNP
CP000819.1,2445090,GCCCCCCC,GCCCCCC,207.417,PASS,14,indel_or_complex
CP000819.1,2446984,A,C,225.417,PASS,12,SNP
CP000819.1,2450517,G,A,225.417,PASS,12,SNP
CP000819.1,2457654,G,A,225.417,PASS,11,SNP
CP000819.1,2491484,G,A,223.417,PASS,14,SNP
CP000819.1,2493004,G,A,220.417,PASS,10,SNP
CP000819.1,2517303,G,A,225.417,PASS,16,SNP
CP000819.1,2524481,G,A,225.417,PASS,16,SNP
CP000819.1,2558409,G,A,225.417,PASS,17,SNP
CP000819.1,2567577,A,G,225.417,PASS,16,SNP
CP000819.1,2569859,A,G,225.417,PASS,11,SNP
CP000819.1,2576255,G,A,215.417,PASS,10,SNP
CP000819.1,2597401,G,T,225.417,PASS,10,SNP
CP000819.1,2598869,G,A,225.417,PASS,21,SNP
CP000819.1,2607090,G,A,225.417,PASS,12,SNP
CP000819.1,2616662,A,G,225.417,PASS,14,SNP
CP000819.1,2616778,G,A,225.417,PASS,15,SNP
CP000819.1,2629794,T,C,225.417,PASS,15,SNP
CP000819.1,2639449,G,A,225.417,PASS,20,SNP
CP000819.1,2647160,GCCCCC,GCCCCCC,196.416,PASS,11,indel_or_complex
CP000819.1,2655111,T,C,225.417,PASS,11,SNP
CP000819.1,2659827,T,C,225.417,PASS,12,SNP
CP000819.1,2665639,A,T,225.417,PASS,13,SNP
CP000819.1,2697224,T,C,225.417,PASS,13,SNP
CP000819.1,2703592,G,A,225.417,PASS,16,SNP
CP000819.1,2723460,C,T,225.417,PASS,11,SNP
CP000819.1,2724782,T,C,225.417,PASS,13,SNP
CP000819.1,2726933,G,A,216.417,PASS,11,SNP
CP000819.1,2740297,G,A,225.417,PASS,17,SNP
CP000819.1,2747391,G,A,225.417,PASS,11,SNP
CP000819.1,2749219,G,A,225.417,PASS,10,SNP
CP000819.1,2753451,G,A,225.417,PASS,16,SNP
CP000819.1,2753768,C,T,208.417,PASS,10,SNP
CP000819.1,2769581,T,C,214.417,PASS,10,SNP
CP000819.1,2771282,G,A,225.417,PASS,12,SNP
CP000819.1,2781436,G,A,225.417,PASS,12,SNP
CP000819.1,2781587,T,C,225.417,PASS,15,SNP
CP000819.1,2788797,CAAAAAAAAA,CAAAAAAAAAA,225.417,PASS,14,indel_or_complex
CP000819.1,2790151,A,G,225.417,PASS,16,SNP
CP000819.1,2790343,G,A,195.416,PASS,11,SNP
CP000819.1,2820506,A,G,225.417,PASS,13,SNP
CP000819.1,2824735,TCCCCCC,TCCCCCCC,225.417,PASS,12,indel_or_complex
CP000819.1,2828591,T,C,225.417,PASS,12,SNP
CP000819.1,2853806,A,G,223.417,PASS,10,SNP
CP000819.1,2932058,C,T,225.417,PASS,15,SNP
CP000819.1,2937844,G,A,225.417,PASS,15,SNP
CP000819.1,2959717,G,A,225.417,PASS,10,SNP
CP000819.1,2977018,G,A,225.417,PASS,12,SNP
CP000819.1,2999330,G,A,225.417,PASS,16,SNP
CP000819.1,3001543,T,C,211.417,PASS,11,SNP
CP000819.1,3003744,C,T,225.417,PASS,11,SNP
CP000819.1,3036875,G,A,225.417,PASS,17,SNP
CP000819.1,3037295,A,G,225.417,PASS,13,SNP
CP000819.1,3054123,A,G,203.417,PASS,10,SNP
CP000819.1,3055043,T,C,225.417,PASS,11,SNP
CP000819.1,3058629,T,C,225.417,PASS,12,SNP
CP000819.1,3061822,T,C,225.417,PASS,11,SNP
CP000819.1,3061923,T,C,225.417,PASS,11,SNP
CP000819.1,3072845,T,C,225.417,PASS,15,SNP
CP000819.1,3088148,G,A,206.417,PASS,11,SNP
CP000819.1,3088370,TAAAAAAAAA,TAAAAAAAA,161.365,PASS,11,indel_or_complex
CP000819.1,3091899,A,G,225.417,PASS,11,SNP
CP000819.1,3104029,G,A,225.417,PASS,11,SNP
CP000819.1,3105821,G,A,225.417,PASS,11,SNP
CP000819.1,3115240,A,G,225.417,PASS,11,SNP
CP000819.1,3115913,G,A,225.417,PASS,19,SNP
CP000819.1,3135301,T,C,166.416,PASS,10,SNP
CP000819.1,3136451,A,G,225.417,PASS,15,SNP
CP000819.1,3145072,T,C,180.416,PASS,11,SNP
CP000819.1,3153250,G,A,148.341,PASS,10,SNP
CP000819.1,3153751,G,A,225.417,PASS,11,SNP
CP000819.1,3174372,G,A,225.417,PASS,11,SNP
CP000819.1,3199162,T,C,225.417,PASS,10,SNP
CP000819.1,3240003,T,C,225.417,PASS,17,SNP
CP000819.1,3240040,GCCCCCCC,GCCCCCC,221.417,PASS,15,indel_or_complex
CP000819.1,3247026,T,C,225.417,PASS,22,SNP
CP000819.1,3260564,GTTTCGCTTTCGCT,GTTTCGCT,225.417,PASS,11,indel_or_complex
CP000819.1,3264188,C,T,225.417,PASS,11,SNP
CP000819.1,3267036,T,C,225.417,PASS,10,SNP
CP000819.1,3272938,T,C,225.417,PASS,16,SNP
CP000819.1,3282260,T,C,225.417,PASS,23,SNP
CP000819.1,3286879,T,C,225.417,PASS,14,SNP
CP000819.1,3289930,T,C,208.417,PASS,10,SNP
CP000819.1,3290802,T,C,225.417,PASS,12,SNP
CP000819.1,3297368,C,T,223.417,PASS,10,SNP
CP000819.1,3316561,T,C,225.417,PASS,14,SNP
CP000819.1,3333272,A,G,225.417,PASS,19,SNP
CP000819.1,3339313,A,C,225.417,PASS,12,SNP
CP000819.1,3339654,C,T,225.417,PASS,12,SNP
CP000819.1,3344290,T,C,225.417,PASS,11,SNP
CP000819.1,3345160,A,G,225.417,PASS,13,SNP
CP000819.1,3351577,A,G,225.417,PASS,13,SNP
CP000819.1,3360893,GCCCCCC,GCCCCCCC,201.421,PASS,12,indel_or_complex
CP000819.1,3373583,C,T,225.417,PASS,15,SNP
CP000819.1,3387944,G,A,219.417,PASS,10,SNP
CP000819.1,3395533,A,G,225.417,PASS,11,SNP
CP000819.1,3401754,C,A,192.416,PASS,10,SNP
CP000819.1,3402257,G,A,225.417,PASS,16,SNP
CP000819.1,3410836,G,A,213.417,PASS,10,SNP
CP000819.1,3430620,C,T,225.417,PASS,12,SNP
CP000819.1,3431058,C,T,225.417,PASS,15,SNP
CP000819.1,3436387,T,C,225.417,PASS,15,SNP
CP000819.1,3442743,G,A,225.417,PASS,13,SNP
CP000819.1,3453758,G,A,215.417,PASS,12,SNP
CP000819.1,3459613,A,T,225.417,PASS,16,SNP
CP000819.1,3463900,C,T,198.416,PASS,12,SNP
CP000819.1,3465205,G,T,225.417,PASS,14,SNP
CP000819.1,3474014,T,C,211.417,PASS,11,SNP
CP000819.1,3484278,C,A,197.416,PASS,10,SNP
CP000819.1,3485103,G,A,225.417,PASS,11,SNP
CP000819.1,3488669,A,C,216.417,PASS,10,SNP
CP000819.1,3491881,G,A,225.417,PASS,10,SNP
CP000819.1,3499794,A,G,225.417,PASS,12,SNP
CP000819.1,3500884,A,G,225.417,PASS,16,SNP
CP000819.1,3516348,C,T,219.417,PASS,10,SNP
CP000819.1,3523524,G,A,179.067,PASS,18,SNP
CP000819.1,3536603,G,A,225.417,PASS,29,SNP
CP000819.1,3541351,T,C,225.417,PASS,12,SNP
CP000819.1,3557410,T,C,71.522,PASS,21,SNP
CP000819.1,3559835,A,G,225.417,PASS,26,SNP
CP000819.1,3573006,G,A,225.417,PASS,41,SNP
CP000819.1,3573640,G,A,225.417,PASS,12,SNP
CP000819.1,3575602,G,A,225.417,PASS,23,SNP
CP000819.1,3598029,GCCCCCC,GCCCCCCC,74.4904,PASS,26,indel_or_complex
CP000819.1,3602703,G,A,225.417,PASS,22,SNP
CP000819.1,3605955,T,C,61.5422,PASS,19,SNP
CP000819.1,3612959,C,T,225.417,PASS,25,SNP
CP000819.1,3613010,G,A,225.417,PASS,27,SNP
CP000819.1,3616490,C,T,225.417,PASS,16,SNP
CP000819.1,3635762,T,C,225.417,PASS,16,SNP
CP000819.1,3660304,T,C,225.417,PASS,10,SNP
CP000819.1,3675292,G,A,225.417,PASS,16,SNP
CP000819.1,3758443,C,T,225.417,PASS,16,SNP
CP000819.1,3790391,T,C,225.417,PASS,15,SNP
CP000819.1,3793199,C,T,225.417,PASS,13,SNP
CP000819.1,3800073,A,G,225.417,PASS,12,SNP
CP000819.1,3818588,C,T,225.417,PASS,14,SNP
CP000819.1,3819257,G,A,208.417,PASS,10,SNP
CP000819.1,3827368,A,G,225.417,PASS,14,SNP
CP000819.1,3841457,G,A,221.417,PASS,10,SNP
CP000819.1,3850177,GA,G,225.417,PASS,12,indel_or_complex
CP000819.1,3862134,G,A,225.417,PASS,10,SNP
CP000819.1,3865084,G,A,220.417,PASS,11,SNP
CP000819.1,3866570,T,C,225.417,PASS,13,SNP
CP000819.1,3867544,A,G,216.417,PASS,10,SNP
CP000819.1,3872302,G,A,225.417,PASS,12,SNP
CP000819.1,3874844,G,A,225.417,PASS,23,SNP
CP000819.1,3881184,T,C,225.417,PASS,14,SNP
CP000819.1,3887330,C,T,208.417,PASS,10,SNP
CP000819.1,3887630,C,T,225.417,PASS,11,SNP
CP000819.1,3891537,AGGGGGGG,AGGGGG,228.316,PASS,12,indel_or_complex
CP000819.1,3892335,C,T,225.417,PASS,15,SNP
CP000819.1,3893548,CCA,C,225.417,PASS,11,indel_or_complex
CP000819.1,3909807,G,T,225.417,PASS,15,SNP
CP000819.1,3920984,C,T,225.417,PASS,13,SNP
CP000819.1,3947416,A,G,225.417,PASS,12,SNP
CP000819.1,3948303,CG,C,225.417,PASS,12,indel_or_complex
CP000819.1,4004862,A,G,225.417,PASS,10,SNP
CP000819.1,4022380,GTTTTTTTT,GTTTTTTTTT,156.284,PASS,11,indel_or_complex
CP000819.1,4038529,GTTTTTTTTT,GTTTTTTTT,192.359,PASS,21,indel_or_complex
CP000819.1,4046586,T,A,225.417,PASS,15,SNP
CP000819.1,4048980,C,T,225.417,PASS,15,SNP
CP000819.1,4100183,A,G,225.417,PASS,11,SNP
CP000819.1,4134227,C,T,225.417,PASS,15,SNP
CP000819.1,4163775,C,T,225.417,PASS,12,SNP
CP000819.1,4165619,G,A,225.417,PASS,11,SNP
CP000819.1,4196682,C,A,225.417,PASS,16,SNP
CP000819.1,4207843,G,A,225.417,PASS,16,SNP
CP000819.1,4212514,T,C,225.417,PASS,14,SNP
CP000819.1,4245184,C,T,225.417,PASS,11,SNP
CP000819.1,4250292,C,T,225.417,PASS,13,SNP
CP000819.1,4265633,G,A,225.417,PASS,12,SNP
CP000819.1,4342010,A,G,225.417,PASS,13,SNP
CP000819.1,4349281,ATTTTTTTT,ATTTTTTT,161.375,PASS,11,indel_or_complex
CP000819.1,4363338,C,A,176.416,PASS,10,SNP
CP000819.1,4377265,A,G,225.417,PASS,16,SNP
CP000819.1,4380609,C,T,225.417,PASS,12,SNP
CP000819.1,4384556,C,T,225.417,PASS,13,SNP
CP000819.1,4392683,ACCCC,ACCCCC,228.401,PASS,18,indel_or_complex
CP000819.1,4423016,C,T,225.417,PASS,12,SNP
CP000819.1,4423593,G,T,225.417,PASS,13,SNP
CP000819.1,4431393,TGG,T,225.417,PASS,11,indel_or_complex
CP000819.1,4498856,T,C,225.417,PASS,12,SNP
CP000819.1,4509290,C,T,225.417,PASS,15,SNP
CP000819.1,4593186,G,A,225.417,PASS,18,SNP
CP000819.1,4603391,C,T,193.416,PASS,12,SNP
CP000819.1,4604220,G,A,225.417,PASS,12,SNP
CP000819.1,4604577,G,C,225.417,PASS,11,SNP
CP000819.1,4626487,C,T,225.417,PASS,13,SNP
CP000819.1,4629225,C,T,225.417,PASS,10,SNP
